--
-- Dumping data for table `si_biller`
--

INSERT INTO `si_biller` (`id`, `domain_id`, `name`, `street_address`, `street_address2`, `city`, `state`, `zip_code`, `country`, `phone`, `mobile_phone`, `fax`, `email`, `logo`, `footer`, `notes`, `custom_field1`, `custom_field2`, `custom_field3`, `custom_field4`, `enabled`) VALUES
(1, 1, 'Mr Plough', '43 Evergreen Terace', '', 'Springfield', 'New York', '90245', '', '04 5689 0456', '0456 4568 8966', '04 5689 8956', 'homer@mrplough.com', 'ubuntulogo.png', '', '', '', '7898-87987-87', '', '', '1'),
(2, 1, 'Homer Simpson', '43 Evergreen Terace', NULL, 'Springfield', 'New York', '90245', NULL, '04 5689 0456', '0456 4568 8966', '04 5689 8956', 'homer@yahoo.com', NULL, NULL, NULL, NULL, NULL, NULL, NULL, '1'),
(3, 1, 'The Beer Baron', '43 Evergreen Terace', NULL, 'Springfield', 'New York', '90245', NULL, '04 5689 0456', '0456 4568 8966', '04 5689 8956', 'beerbaron@yahoo.com', NULL, NULL, NULL, NULL, NULL, NULL, NULL, '1'),
(4, 1, 'Fawlty Towers', '13 Seaside Drive', NULL, 'Torquay', 'Brixton on Avon', '65894', 'United Kingdom', '089 6985 4569', '0425 5477 8789', '089 6985 4568', 'penny@fawltytowers.co.uk', NULL, NULL, NULL, NULL, NULL, NULL, NULL, '1');

--
-- Dumping data for table `si_customers`
--

INSERT INTO `si_customers` (`id`, `domain_id`, `attention`, `name`, `street_address`, `street_address2`, `city`, `state`, `zip_code`, `country`, `phone`, `mobile_phone`, `fax`, `email`, `notes`, `custom_field1`, `custom_field2`, `custom_field3`, `custom_field4`, `enabled`) VALUES
(1, 1, 'Moe Sivloski', 'Moes Tarvern', '45 Main Road', NULL, 'Springfield', 'New York', '65891', '', '04 1234 5698', NULL, '04 5689 4566', 'moe@moestavern.com', '<p><strong>Moe&#39;s Tavern</strong> is a fictional <a href="http://en.wikipedia.org/wiki/Bar_%28establishment%29" title="Bar (establishment)">bar</a> seen on <em><a href="http://en.wikipedia.org/wiki/The_Simpsons" title="The Simpsons">The Simpsons</a></em>. The owner of the bar is <a href="http://en.wikipedia.org/wiki/Moe_Szyslak" title="Moe Szyslak">Moe Szyslak</a>.</p> <p>In The Simpsons world, it is located on the corner of Walnut Street, neighboring King Toot&#39;s Music Store, across the street is the Moeview Motel, and a factory formerly owned by <a href="http://en.wikipedia.org/wiki/Bart_Simpson" title="Bart Simpson">Bart Simpson</a>, until it collapsed. The inside of the bar has a few pool tables and a dartboard. It is very dank and &quot;smells like <a href="http://en.wikipedia.org/wiki/Urine" title="Urine">tinkle</a>.&quot; Because female customers are so rare, Moe frequently uses the women&#39;s restroom as an office. Moe claimed that there haven&#39;t been any ladies at Moe&#39;s since <a href="http://en.wikipedia.org/wiki/1979" title="1979">1979</a> (though earlier episodes show otherwise). A jar of pickled eggs perpetually stands on the bar. Another recurring element is a rat problem. This can be attributed to the episode <a href="http://en.wikipedia.org/wiki/Homer%27s_Enemy" title="Homer&#39;s Enemy">Homer&#39;s Enemy</a> in which Bart&#39;s factory collapses, and the rats are then shown to find a new home at Moe&#39;s. In &quot;<a href="http://en.wikipedia.org/wiki/Who_Shot_Mr._Burns" title="Who Shot Mr. Burns">Who Shot Mr. Burns</a>,&quot; Moe&#39;s Tavern was forced to close down because Mr. Burns&#39; slant-drilling operation near the tavern caused unsafe pollution. It was stated in the &quot;<a href="http://en.wikipedia.org/wiki/Flaming_Moe%27s" title="Flaming Moe&#39;s">Flaming Moe&#39;s</a>&quot; episode that Moe&#39;s Tavern was on Walnut Street. The phone number would be 76484377, since in &quot;<a href="http://en.wikipedia.org/wiki/Homer_the_Smithers" title="Homer the Smithers">Homer the Smithers</a>,&quot; Mr. Burns tried to call Smithers but did not know his phone number. He tried the buttons marked with the letters for Smithers and called Moe&#39;s. In &quot;<a href="http://en.wikipedia.org/wiki/Principal_Charming" title="Principal Charming">Principal Charming</a>&quot; Bart is asked to call Homer by Principal Skinner, the number visible on the card is WORK: KLondike 5-6832 HOME: KLondike 5-6754 MOE&#39;S TAVERN: KLondike 5-1239 , Moe answers the phone and Bart asks for Homer Sexual. The bar serves <a href="http://en.wikipedia.org/wiki/Duff_Beer" title="Duff Beer">Duff Beer</a> and Red Tick Beer, a beer flavored with dogs.</p>', NULL, NULL, NULL, NULL, '1'),
(2, 1, 'Mr Burns', 'Springfield Power Plant', '4 Power Plant Drive', 'street2', 'Springfield', 'New York', '90210', '', '04 1235 5698', '', '04 5678 7899', 'mr.burn@spp.com', '<p><strong>Springfield Nuclear Power Plant</strong> is a fictional electricity generating facility in the <a href="http://en.wikipedia.org/wiki/Television" title="Television">television</a> <a href="http://en.wikipedia.org/wiki/Animated_cartoon" title="Animated cartoon">animated cartoon</a> series <em><a href="http://en.wikipedia.org/wiki/The_Simpsons" title="The Simpsons">The Simpsons</a></em>. The plant has a <a href="http://en.wikipedia.org/wiki/Monopoly" title="Monopoly">monopoly</a> on the city of <a href="http://en.wikipedia.org/wiki/Springfield_%28The_Simpsons%29" title="Springfield (The Simpsons)">Springfield&#39;s</a> energy supply, but is sometimes mismanaged and endangers much of the town with its presence.</p> <p>Based on the plant&#39;s appearance and certain episode plots, it likely houses only a single &quot;unit&quot; or reactor (although, judging from the number of <a href="http://en.wikipedia.org/wiki/Containment_building" title="Containment building">containment buildings</a> and <a href="http://en.wikipedia.org/wiki/Cooling_tower" title="Cooling tower">cooling towers</a>, there is a chance it may have two). In one episode an emergency occurs and Homer resorts to the manual, which begins &quot;Congratulations on your purchase of a Fissionator 1952 Slow-Fission Reactor&quot;.</p> <p>The plant is poorly maintained, largely due to owner Montgomery Burns&#39; miserliness. Its <a href="http://en.wikipedia.org/wiki/Nuclear_safety" title="Nuclear safety">safety record</a> is appalling, with various episodes showing luminous rats in the bowels of the building, pipes and drums leaking radioactive waste, the disposal of waste in a children&#39;s playground, <a href="http://en.wikipedia.org/wiki/Plutonium" title="Plutonium">plutonium</a> used as a paperweight, cracked cooling towers (fixed in one episode using a piece of <a href="http://en.wikipedia.org/wiki/Chewing_gum" title="Chewing gum">Chewing gum</a>), dangerously high <a href="http://en.wikipedia.org/wiki/Geiger_counter" title="Geiger counter">Geiger counter</a> readings around the perimeter of the plant, and even a giant spider. In the opening credits a bar of some <a href="http://en.wikipedia.org/wiki/Radioactive" title="Radioactive">radioactive</a> substance is trapped in Homer&#39;s overalls and later disposed of in the street.</p>', '13245-789798', '', '', '', '1'),
(3, 1, 'Kath Day-Knight', 'Kath and Kim Pty Ltd', '82 Fountain Drive', NULL, 'Fountain Lakes', 'VIC', '3567', 'Australia', '03 9658 7456', NULL, '03 9658 7457', 'kath@kathandkim.com.au', 'Kath Day-Knight (<a href="http://en.wikipedia.org/wiki/Jane_Turner" title="Jane Turner">Jane Turner</a>) is an &#39;empty nester&#39; divorc&eacute;e who wants to enjoy time with her &quot;hunk o&#39; spunk&quot; Kel Knight (<a href="http://en.wikipedia.org/wiki/Glenn_Robbins" title="Glenn Robbins">Glenn Robbins</a>), a local &quot;purveyor of fine meats&quot;, but whose lifestyle is often cramped by the presence of her self-indulgent and spoilt rotten twenty-something daughter Kim Craig <a href="http://en.wikipedia.org/wiki/List_of_French_phrases_used_by_English_speakers#I_.E2.80.93_Q" title="List of French phrases used by English speakers">n&eacute;e</a> Day (<a href="http://en.wikipedia.org/wiki/Gina_Riley" title="Gina Riley">Gina Riley</a>). Kim enjoys frequent and lengthy periods of spiteful estrangement from her forgiving husband Brett Craig (<a href="http://en.wikipedia.org/wiki/Peter_Rowsthorn" title="Peter Rowsthorn">Peter Rowsthorn</a>) for imagined slights and misdemeanors, followed by loving reconciliations with him. During Kim and Brett&#39;s frequent rough patches Kim usually seeks solace from her servile &quot;second best friend&quot; Sharon Strzelecki (<a href="http://en.wikipedia.org/wiki/Magda_Szubanski" title="Magda Szubanski">Magda Szubanski</a>), screaming abuse at Sharon for minor infractions while issuing her with intricately-instructed tasks, such as stalking Brett. Kim and Brett had a baby in the final episode of the second series whom they named Epponnee-Raelene Kathleen Darlene Charlene Craig, shortened to Epponnee-Rae.', NULL, NULL, NULL, NULL, '1');


--
-- Dumping data for table `si_invoices`
--

INSERT INTO `si_invoices` (`id`, `domain_id`, `biller_id`, `customer_id`, `type_id`, `preference_id`, `date`, `custom_field1`, `custom_field2`, `custom_field3`, `custom_field4`, `note`) VALUES
(1, 1, 4, 3, 2, 1, '2008-12-30 00:00:00', NULL, NULL, NULL, NULL, '<br />');


INSERT INTO `si_invoice_items` (`id`, `invoice_id`, `quantity`, `product_id`, `unit_price`, `tax_amount`, `gross_total`, `description`, `total`) VALUES
(1, 1, 1.000000, 5, 125.000000, 12.500000, 125.000000, NULL, 137.500000),
(2, 1, 1.000000, 3, 125.000000, 12.500000, 125.000000, NULL, 137.500000),
(3, 1, 1.000000, 2, 140.000000, 0.000000, 140.000000, NULL, 140.000000),
(4, 1, 1.000000, 2, 140.000000, 14.000000, 140.000000, NULL, 154.000000),
(5, 1, 1.000000, 1, 150.000000, 0.000000, 150.000000, NULL, 150.000000);


INSERT INTO `si_invoice_item_tax` (`id`, `invoice_item_id`, `tax_id`, `tax_type`, `tax_rate`, `tax_amount`) VALUES
(1, 1, 3, '%', 10.000000, 12.500000),
(2, 2, 1, '%', 10.000000, 12.500000),
(3, 3, 4, '%', 0.000000, 0.000000),
(4, 4, 1, '%', 10.000000, 14.000000),
(5, 5, 4, '%', 0.000000, 0.000000);


--
-- Dumping data for table `si_products`
--

INSERT INTO `si_products` (`id`, `domain_id`, `description`, `unit_price`, `default_tax_id`, `default_tax_id_2`, `custom_field1`, `custom_field2`, `custom_field3`, `custom_field4`, `notes`, `enabled`, `visible`) VALUES
(1, 1, 'Hourly charge', 150.000000, 1, NULL, NULL, NULL, NULL, NULL, '', '1', 1),
(2, 1, 'Accounting services', 140.000000, 1, NULL, 'CVF1', '', '', '', '', '1', 1),
(3, 1, 'Ploughing service', 125.000000, 1, NULL, NULL, NULL, NULL, NULL, '', '1', 1),
(4, 1, 'Bootleg homebrew', 15.500000, 1, NULL, NULL, NULL, NULL, NULL, '', '1', 1),
(5, 1, 'Accomodation', 125.000000, 1, NULL, NULL, NULL, NULL, NULL, '', '1', 1);




















